id,title,companyName,listingDate,locations,salaryLabel,teaser
84750835,Data Analyst,Intelligent Memory Limited,2025-06-06T08:04:31Z,"Kwai Hing, Kwai Tsing District",,"Responsibilities：
~ Statistical Analysis
~ Data Visualization
~ Experience with data visualization tools
"
84661374,Data Analyst,Gain Miles Assurance Consultants Limited,2025-06-03T07:45:01Z,Kwun Tong District,,Join the GUM team to challenge yourself with exciting career and enjoy our unique GUM culture!
85259346,Senior Business / Commercial Analyst (Data / Business Analytics),Swire Coca-Cola,2025-06-30T04:59:05Z,Sha Tin District,,"Responsibilities:



 Drive company business by conducting market analysis, business forecast, category and brand specific review to identify..."
84748330,"Data Analyst, Agency Transformation and Analytics (1 year contract)",Sun Life,2025-06-06T06:45:23Z,"Hung Hom, Kowloon City District",,We are looking for a proactive candidate to join our team.
85430405,"Specialist, Data Science and Analytics",Gogo Tech Ltd,2025-07-03T06:30:18Z,"Kwun Tong, Kwun Tong District",,"Proficiency in SQL and Python (including libraries such as Pandas, NumPy, Selenium)."
85121093,Strategy and Planning Analyst (Data-driven),YesStyle.com Limited,2025-06-24T01:56:45Z,"Kwai Hing, Kwai Tsing District",,Supporting company business growth and helping make data-driven decisions through identifying business intelligence and opportunities.
84871787,Data Analyst (Manufacturing Excellence),Nestle,2025-06-12T06:28:48Z,Yuen Long District,,Great opportunity for talents who's keen in advancing their career in food industry or factory operation
85432737,Business Analyst,GTS Platform Services Limited,2025-07-03T07:21:21Z,"Tsim Sha Tsui, Yau Tsim Mong District",,"3+ years of experience in data analysis, preferably in Finance or E-commerce industry"
84936335,"Data Analytics Officer (1-yr contract, renewable)","Promise (Hong Kong) Co., Limited",2025-06-16T02:30:18Z,"Wan Chai, Wan Chai District",,Excellent opportunity for experienced data analyst to drive strategic business decisions. Attractive remuneration package.
85429535,"Senior Associate, Data Analyst (Sales Management and RM Analytics)",DBS Bank,2025-07-03T06:11:39Z,Hong Kong Island,$0 - $0,"Business Function As the leading bank in Asia, Transformation and Data (T&D) supports our management on the implementation of the Group’s agenda"
81461231,Data Analyst (Ref: JD-DA),Public Bank (Hong Kong) Ltd,2025-06-20T08:29:44Z,Hong Kong SAR,,"Manage data warehousing and data analytic project initiatives, including but not limited to data schema design, extract/transform/load(ETL) design etc"
85377896,Assistant Manager【Business Analyst】,Gientech,2025-07-02T10:11:31Z,Kwun Tong District,"$30,000 – $40,000 per month","The role is for the development of our new policy servicing system and workflow, which is one of our transformation initiatives."
85203315,Junior Business Analyst - Digital Transformation & Business Solutions,B.S.C. Group Limited,2025-06-26T09:44:06Z,"Chai Wan, Eastern District",,"Assist in analyzing business processes, gathering requirements, and contributing to the successful implementation of business solutions"
85197899,Data Analyst / Developer,"Alvanon HK, Ltd",2025-06-26T07:30:49Z,"Kwai Hing, Kwai Tsing District",,"Nice working environment
5 days Job
Double pay
Medical Allowance
Hospital Allowance"
85424890,Financial Analyst,Cole Haan Hong Kong Limited,2025-07-03T04:01:59Z,"Lai Chi Kok, Sham Shui Po District",,"Join a fast-paced team as a Financial Analyst—drive insights, support planning, and help shape smarter decisions in a dynamic global business."
85425400,Business Analyst,Integrated Solutions Ltd,2025-07-03T04:15:23Z,Sha Tin District,,"Familiar with programming language
Self-motivated with good time management"
85095240,SAINT LAURENT Data Analysis Intern(Contract Based),Kering,2025-06-23T03:53:42Z,"Quarry Bay, Eastern District",,"Pursuing a degree in Statistics, Data Analysis, Marketing, Computer Science, or related fields. "
85397502,Business/Finance Planning Analyst (12months contract),Philip Morris International,2025-07-03T01:06:38Z,"Quarry Bay, Eastern District",,"As a finance business partner, you will collaborate closely with the Asia commercial teams to drive financial & performance analysis."
84722254,Business Analyst / Junior Business Analyst (Ref: JDB/DS/BA),Computer And Technologies Solutions Limited,2025-07-03T07:24:07Z,"Wong Chuk Hang, Southern District",,"4+ years Business Analyst who conducts user and system requirements study, provide system design and evaluation subject to user requirements"
75705204,Senior / Systems Analyst,Bangkok Bank,2025-07-03T08:13:15Z,"Central, Central and Western District",,"•	Business process automation and systems implementation
•	System development/maintenance"
85199917,Business Analyst (Sales Data),,2025-06-26T08:11:26Z,"Hung Hom, Kowloon City District",,We are seeking a Business Analyst with a strong focus on sales data. You will also take part in supporting the order processing.
84664159,"Data Analytics Officer (1-yr contract, renewable)","Promise (Hong Kong) Co., Limited",2025-06-03T09:37:14Z,"Wan Chai, Wan Chai District",,Excellent opportunity for experienced data analyst to drive strategic business decisions. Attractive remuneration package.
85228127,Senior Data Scientist,Swire Coca-Cola,2025-06-27T07:53:52Z,"Quarry Bay, Eastern District",,Collaborate with business and digital teams to understand business initiatives and apply data analytics methodologies effectively.
85168222,"Contract Data Analyst, IT Department  (系数据分析师)",China Merchants Securities International Company Limited,2025-06-25T08:42:19Z,"Kwun Tong, Kwun Tong District",,"To transform complex data into actionable insights that drive business decisions through statistical analysis, data visualization, and reporting"
85374195,Data Scientist,Hong Kong Telecom,2025-07-02T08:43:19Z,"Quarry Bay, Eastern District",,"A data scientist is able to work on complex data science / analysis projects, develop new insights, advanced modeling techniques, leverage data tools."
85423004,Senior Business Analyst / Business Analyst,Dah Chong Hong Holdings Limited,2025-07-03T03:25:35Z,"Kowloon Bay, Kwun Tong District",,IT projects
85428123,(Senior) Business Analyst (Ref: CC250703-01),Peoplus Recruitment,2025-07-03T05:37:06Z,Hong Kong SAR,,"Our client is one of a global Insurance Company, they are currently looking for a high caliber to fill up above positions for their HK subsidiary..."
85433879,Digital Product Analyst,Cognizant,2025-07-03T07:57:06Z,"Lantau Island, Islands District",,"The Digital Product Analyst will be responsible for project coordination, assisting, and supporting the product development and implementation process"
84838695,"Sr Associate, Vertical Planning & Operations (Data Analysis & Proj Management)",Klook,2025-06-30T05:08:06Z,"Central, Central and Western District",,Lead & drive commercial and service level performance for travel product verticals globally.
85010074,Data Operations Analyst,,2025-06-19T02:49:51Z,Central and Western District,"$18,000 – $23,000 per month","Analyze data, optimize operations, and drive data-driven decisions at Jarvix Asia. Competitive salary, great benefits."
85127961,Data Analyst / Business Analyst,Gravitas Recruitment Group,2025-06-24T04:51:02Z,Central and Western District,Up to U$50k p.m. + medical,"Bridge business and tech needs through data analysis, process improvement, and clear stakeholder communication."
85357693,Data Analyst/Data Analysis Manager,,2025-07-02T02:04:33Z,"North Point, Eastern District",,"CRM Professional Experience Requirements, Digital Marketing Platform Experience"
85373644,Chief Analyst 首席分析師,,2025-07-02T08:29:06Z,"Hung Hom, Kowloon City District",,-
84981830,Data Analyst (Contract),Gemini Personnel,2025-06-17T08:49:33Z,Wan Chai District,"$18,000 – $25,000 per month",Responsible for delivering data analysis and reporting to support the company’s decision-making processes.
85140950,Senior Data Analyst,SmarTone Telecommunications Limited,2025-06-24T13:34:48Z,"Ngau Tau Kok, Kwun Tong District",,We are looking for a Senior Data Analyst to join our business analytics team.
85372464,Data Entry/Research Assistant,Famous Raise,2025-07-02T07:47:51Z,Hong Kong Island,$100 – $150 per hour,We’re hiring a part-time Data Input Assistant to support our research and testing efforts.
84680321,"Senior Analyst, Performance Marketing (Analytics/ Data Science focus)",Klook,2025-06-30T05:08:54Z,Central and Western District,,We are seeking a highly analytical Senior / Junior Performance Analyst to grow our online presence
85103700,Business Analyst,Smarthire by SEEK,2025-07-02T07:59:08Z,Southern District,,"Our client ""ACT Solutions Limited"" is seeking a Business Analyst to join their company!"
84964658,RPA Solution Developer (IT Business Process Analyst),Smarthire by SEEK,2025-07-02T07:58:54Z,Sha Tin District,,Our client is seeking a RPA Solution Developer (IT Business Process Analyst) to join their team!
84799592,RPA Solution Developer (IT Business Process Analyst),Smarthire by SEEK,2025-07-02T07:58:44Z,Sha Tin District,,Our client is seeking a RPA Solution Developer (IT Business Process Analyst) to join their team!
84840267,Business Analyst,Smarthire by SEEK,2025-07-02T07:58:15Z,"Kowloon Bay, Kwun Tong District",,Our client is seeking a Business Analyst to join their team!
84980334,Data Analyst (Insurance client),DB Results,2025-06-17T07:51:14Z,"Kowloon Bay, Kwun Tong District",,DB Results is currently looking for a Data Analyst to support one of our insurance clients to advance their Healthcare and Transformation programs. 
85350625,LLM Engineer (Data and Optimization),"TCL Corporate Research (Hong Kong) Co., Limited",2025-07-02T01:47:28Z,"Science Park, Tai Po District",,This position offers the opportunity to work on innovative projects and contribute to the development of advanced AI solutions
85379482,Data Warehouse & BI:  System Analyst / Analyst Programmer - Major Bank,IT Solutions Ltd,2025-07-02T11:19:01Z,Hong Kong SAR,,"We are searching for high calibre candidates to work on Data Warehouse/BI application development using SQL, PL/SQL, DataStage, etc in a Major Bank."
84694642,Customer Data Analyst,Century Distribution Systems (Hong Kong) Limited,2025-06-04T09:26:48Z,"Kwun Tong, Kwun Tong District",,"
In recent years, Century has significantly invested in our “big data” capabilities – specifically data analytics tools as well as the management..."
85054057,Assistant Business Analyst / Business Analyst,AASTOCKS,2025-06-20T03:14:54Z,"Kwun Tong, Kwun Tong District",,"Conduct user acceptance test for both PC and mobile (iOS/Android) applications
Prepare correspondent documentation such as UAT plan and defects report"
85425878,Junior AI Developer (STEM Internship),Pantheon Lab Limited,2025-07-03T04:29:55Z,"Pak Shek Kok, Sha Tin District",,"Currently pursuing a degree or above in Computer Science, Data Science, Artificial Intelligence, or a related field."
85166520,Data Engineer (Insurance client),DB Results,2025-06-25T07:52:59Z,"Kowloon Bay, Kwun Tong District",,DB Results is currently looking for a Data Engineer to support one of our insurance clients to advance their Healthcare and Transformation programs.
84752217,Data Analytics Manager,Wallem Shipping (HK) Limited,2025-06-06T09:18:35Z,Hong Kong Island,,Lead data analytics for a leading maritime company in dynamic Hong Kong. Join our data-driven culture and advance your career.
85254312,Business Analyst (SAP),Uni-China Group,2025-06-30T02:37:39Z,"Tsim Sha Tsui, Yau Tsim Mong District",,SAP implementation and enhancement for all Business Units across the Group
85140926,Business Analyst (AI / Big Data),SmarTone Telecommunications Limited,2025-06-24T13:28:23Z,"Ngau Tau Kok, Kwun Tong District",,Business Analyst with data focus
85377721,System Analyst (REF: ATEC),ATAL Engineering Group,2025-07-02T10:02:13Z,"Kowloon Tong, Kowloon City District",,We specialize in offering all-in-one solutions for software integration and system development with electrical and mechanical insights.
84761591,"Finance Company, Data Analyst, Inhouse 13 Months Salary",Beehire Personnel Limited,2025-06-07T04:21:50Z,"Wan Chai, Wan Chai District",,"Our client, a leading finance company, is building a brand-new project team and is looking for a Data Analyst to join them. "
81448917,Business Analyst (Manufacturing),ASMPT Technology Limited,2025-07-02T08:59:27Z,"Tsing Yi, Kwai Tsing District",,"As a Business Analyst, you will be act as an internal consultant to understand the business needs/ processes in manufacturing shop- floor operation."
85154973,Sr. Business Analyst (IT Software Development),Smarthire by SEEK,2025-07-02T07:59:07Z,"Kowloon City, Kowloon City District","$33,000 – $37,400 per month","Our client ""APJ Software (Hong Kong) Company Limited"" is seeking a Sr. Business Analyst (IT Software Development) to join their team!"
84948664,Digital Solution Analyst,Zung Fu Company Limited,2025-07-03T00:20:35Z,"Chai Wan, Eastern District",,Versatile developers to develop and maintain our digital application systems that aligns with our business goals.
84952797,Regional Data Scientist,Richemont,2025-06-16T09:55:53Z,Central and Western District,,We are inviting you to craft the future as part of our Regional Digital Tech team! 
84890439,Data Analyst (Insurance client),DB Results,2025-06-13T02:30:39Z,"Kowloon Bay, Kwun Tong District",,DB Results is currently looking for a Data Analyst to support one of our insurance clients to advance their Healthcare and Transformation programs. 
85231534,Financial Planning & Analysis (FP&A) Analyst,,2025-06-27T10:23:33Z,Central and Western District,,"We're seeking an experienced FP&A Analyst with strong Excel skills, business acumen, and a background in FP&A or Big 4 to drive financial insight."
85199926,Data Analyst | Digital Wallet Leader丨40K*14丨1 day WFH |,CBHR Recruitment,2025-06-26T08:11:43Z,"Tai Kok Tsui, Yau Tsim Mong District","$38,000 – $40,000 per month","Analyze datasets to uncover trends, patterns, and insights that drive business growth and enhance customer experience."
85132208,( Junior ) Data Centre Operator x 3 openings,Acton Consulting Limited,2025-06-24T06:56:22Z,Hong Kong SAR,,"A leading MNC is looking for talents to join its IT Data Center team.

Responsibilities: 


 Provide daily operational support in data..."
84965949,Analyst Programmer,Smarthire by SEEK,2025-07-02T07:58:54Z,Southern District,,"Our client ""ACT Solutions Limited"" is seeking an Analyst Programmer to join their company!"
85203980,Business Analyst/ Assistant Business Analyst,CHFT Advisory and Appraisal Limited,2025-06-26T10:25:43Z,"Central, Central and Western District",,"Key roles and responsibilities of our Business Analyst/
 Assistant Business Analyst

 To assist in financial model development and review..."
85433327,Test Analyst,Cognizant,2025-07-03T07:39:36Z,"Central, Central and Western District",,This Testing Analyst role involves managing and conducting Functional/User Acceptance Testing (UAT) and data migration testing.
85028485,Junior Business Analyst/ Data Analyst/ UAT/ QA ,Ambition Recruitment,2025-06-19T03:47:06Z,Central and Western District,,/
85226092,Risk Analytics & Data Science Manager,Bank of China (Hong Kong),2025-06-27T06:39:33Z,Sham Shui Po District,,Bank of China (Hong Kong) is committed to building a challenging and rewarding work place for employees.
85008255,Analyst,,2025-06-18T07:26:45Z,Central and Western District,"$30,000 – $45,000 per month",公司主營金融服務咨詢、私募基金管理、跨境架構搭建及私人銀行業務等，為超高淨值家族提供所需的規劃、咨詢和一系列整合服務。
84783953,Data Analyst (Contract || Salary depending on experience level),Talentquest,2025-06-09T08:06:29Z,Hong Kong Island,,My client is looking for a high-calibre candidate to join their team.
85205616,Alteryx Developer,JNL Consulting Limited,2025-06-26T11:42:04Z,Hong Kong Island,,"A skilled and proactive Alteryx Developer to join their data-driven team, collaborate with cross-functional teams to automate complex data processes."
85363053,Management Trainee/Internship,Manulife,2025-07-02T04:04:14Z,"Ngau Tau Kok, Kwun Tong District","$20,000 – $25,000 per month","To develop your career in the financial industry, you will experience job attachments (with frontline exposures), coach and mentor, training and etc."
85014182,System Analyst,Uni-China Group,2025-06-18T10:40:37Z,"Tsim Sha Tsui, Yau Tsim Mong District",,Project Management and System Development & Implementation for various IT projects across the Group
85124679,AI Product Intern,D2 INTELLIGENCE HK,2025-06-24T03:26:48Z,Wan Chai District,"$8,000 – $12,000 per month","Join our AI team as a multilingual intern. Develop products and solutions, learn AI, grow professionally."
85026919,Analytics Intern,Wisers Information Limited,2025-06-19T03:11:33Z,Wan Chai District,,AI-powered data analyst role to provide marketing/PR insights
84643624,System Analyst,Continuous Technologies International Ltd,2025-06-02T23:18:42Z,"Quarry Bay, Eastern District",,"
Responsibilities



 Participate in system development, testing and implementation
 Provide ongoing support and maintenance
..."
84802061,Research Associate (Quantitative),Kantar,2025-06-11T02:48:56Z,"North Point, Eastern District",,"
Research Associate (Quantitative)

 Top-tier market research agency that is progressive and people focused
 Exposure to global leading brands..."
85422797,"Business Analyst, Supply Chain - Fashion & Apparel",ConnectedGroup,2025-07-03T03:21:19Z,Kowloon City District,,This is an exciting opportunity to join a dynamic apparel company as a Data Analyst under their Supply Chain department.
84698268,Cloud ERP Consultant / Business Analyst (IANG Welcome),,2025-06-04T14:14:25Z,"Sheung Wan, Central and Western District",,"Join ONE Pacific as a NetSuite ERP Consultant to help businesses transform operations and optimize processes in a dynamic, supportive environment."
84905925,Analyst Programmer (Multiple Openings),Varmeego,2025-06-13T08:55:25Z,Hong Kong SAR,,"Responsible for system development, testing and maintenance support of large scale projects "
83807187,CUSTOMER RELATIONSHIP MANAGEMENT ANALYST,Henderson Land Development Company Limited,2025-06-30T08:36:31Z,"Sheung Wan, Central and Western District",,Ref. No.: JDB/HLD16/CRMA
84863857,Analyst Programmer（New-Project-202506）,DXC Technology,2025-06-12T03:46:31Z,"Tai Koo, Eastern District","$25,000 – $28,000 per month",Take up web-based application system programming on high availability IT infrastructure adopting Java EE (J2EE) on Linux or Windows server platform;
85221524,Senior Analyst - Business Systems - Finance SAP,Swire Coca-Cola,2025-06-27T04:15:38Z,"Quarry Bay, Eastern District",,"We are seeking a highly skilled and motivated Senior Analyst to join our Business Systems team, focusing on Finance solutions."
84835309,Operations Support Analyst,Computershare,2025-06-11T03:55:03Z,Wan Chai District,,An exciting job opportunity to join our Plan business which is the largest provider of Employee Share Plan management services in Hong Kong and China.
84777989,Market Research Analyst (Consumer Electronics Industry),Smarthire by SEEK,2025-07-02T08:03:36Z,"Hung Hom, Kowloon City District","$20,000 – $30,000 per month","Our client ""HG Innovation Limited"" is seeking an Overseas Procurement Specialist to join their team!"
83604486,Business Analyst - Insurance (WFH/Multiple Headcounts),TEKsystems,2025-07-02T09:00:16Z,"Central, Central and Western District","$27,000 – $40,000 per month",We are seeking skilled Business Analysts to join a dynamic team within the insurance sector.
84902377,Risk Analytics & Data Science Manager,Bank of China (Hong Kong),2025-06-13T07:04:36Z,Sham Shui Po District,,"Bank of China (Hong Kong) is committed to building a challenging and rewarding work place for employees.
"
85052699,System Analyst,"Promise (Hong Kong) Co., Limited",2025-06-20T02:35:46Z,"Wan Chai, Wan Chai District",,Responsible for system application design and development and manage the overall application development life cycle
85124471,"Officer to Assistant Manager, Business Reporting & Data Analytics","O-Bank Co., Ltd",2025-06-24T03:22:01Z,"Tsim Sha Tsui, Yau Tsim Mong District",,"This role will act as the Assistant role to CE to mainly handle the reports management including data consolidation, analysis, etc."
84877666,"Data Analyst, FinTech",Zero Finance,2025-06-12T10:11:08Z,"Sheung Wan, Central and Western District",,"
Job responsibilities.
1. Responsible for the planning and construction of financial risk control model system.
2. Design and develop responsive..."
85231198,Business Analyst/ Digital Coordinator,Build King,2025-06-27T10:04:53Z,"Kwun Tong, Kwun Tong District",,"Responsibilities


   Discover, evaluate, and analyze business requirements
   Perform feasibility study and gap analysis
   Coordinate..."
84707994,System Analyst,"Promise (Hong Kong) Co., Limited",2025-06-05T01:22:34Z,"Wan Chai, Wan Chai District",,Responsible for system application design and development and manage the overall application development life cycle
84753945,Big Data Research Assistant (Intern),China Unicom,2025-06-06T10:38:13Z,"Tseung Kwan O, Sai Kung District",,Big Data Research
85026163,Business Analyst - Cash Processing,Brinks,2025-06-19T02:51:12Z,"Kwai Chung, Kwai Tsing District",,"Support the department to prepare the customer reports and departmental internal reports (KPI, etc.)"
85094164,Senior Actuarial Analyst,,2025-06-23T03:29:15Z,Wan Chai District,,"We offer 5-day working week, excellent work environment and attractive remuneration package to the right candidate."
84817164,Data Analyst - Expanding Fintech Firm - HKD$40k - $50k,David James Recruitment Limited,2025-06-10T09:47:05Z,Hong Kong Island,,Data Analyst with Experience in utilising datasets for fraud detection and business insights. 
84909138,Fixed Income Performance Analyst,JNL Consulting Limited,2025-06-13T10:33:33Z,Hong Kong Island,,"Our client is a global financial institution, recently added a new headcount within their Investment Middle Office for an analytical professional."
85378757,Senior Project Executive / Associate Project Manager (Digital Marketing),Cymballe Limited,2025-07-02T10:51:21Z,Tsuen Wan District,,Develop and execute digital marketing plans that inclusive of offline and online channels to increase brand awareness and drive demand
84950028,"Data Centre Operator (Tsuen Wan & TKO, few vacancies)",Lantro,2025-06-16T08:47:29Z,Tsuen Wan District,,"Support Data Centers operation, willing to work in shift, two locations, with structured cabling experience"
85130357,System Analyst,Toppan Nexus Holdings,2025-06-24T06:15:41Z,Central and Western District,,"Participate in project business requirement analysis, system design, testing, training, support, and maintenance to optimize business operations"
84692135,SAINT LAURENT Data Analysis Intern (Contract Based),Yves Saint Laurent,2025-06-04T07:46:07Z,Hong Kong Island,," Summary ABOUT SAINT LAURENT Founded in 1961, Yves Saint Laurent was the first couture house to introduce the concept of luxury prêt-à-porter in a "
84748154,"Senior Manager, Data Tech Lead",Sun Life,2025-06-06T06:40:24Z,Hong Kong Island,,We are looking for a proactive candidate to join our team.
85184236,RPA Solution Developer (IT Business Process Analyst),Smarthire by SEEK,2025-06-26T02:28:54Z,Sha Tin District,,Our client is seeking a RPA Solution Developer (IT Business Process Analyst) to join their team!
85261893,Senior Analyst,Apex Logistics International,2025-06-30T06:17:03Z,"Kwun Tong, Kwun Tong District",,An exciting opportunity to turn your career to a new chapter with fast growing player in the logistics industry.
84751804,Assistant Manager – Green Labelling (Data Analyst),Hong Kong Green Building Council Limited,2025-06-06T08:56:52Z,"Kowloon Tong, Kowloon City District",,"Established in 2009, Hong Kong Green Building Council (“the Council”) is the leading body, co-founded by four major construction industry and..."
85181664,Junior Credit Analyst,Smarthire by SEEK,2025-06-26T01:23:04Z,Wan Chai District,,"Our client ""⁠Chimbusco Pan Nation Shipping Company Limited"" is seeking a Junior Credit Analyst to join their team!"
84752344,Intern - Data Science,Canon,2025-06-06T09:23:57Z,"Hung Hom, Kowloon City District",,"Collaborate with Business Units to analyze business data, enhancing data-driven initiatives and supporting informed decision-making."
84937052,System Analyst,Smarthire by SEEK,2025-07-02T07:58:35Z,Tsuen Wan District,"$22,000 – $30,000 per month","Our client ""OmniWe Limited"" is seeking a System Analyst to join their team!"
85244087,Junior Data Engineer,JFE Consulting Limited,2025-06-29T00:54:03Z,"Airport Area, Islands District",,Our client is now looking for a Junior Data Engineer to join their team.
85113456,Digital Marketing Executive,Reasonable Software House Limited,2025-06-23T14:47:59Z,Sham Shui Po District,"$22,000 – $28,000 per month","
Reasonable Software House Limited 思齊軟件有限公司
Reasonable is a one of the largest email marketing software as service in Hong Kong and southern..."
84811284,Systems Analyst,Armitage Technologies Ltd,2025-06-10T06:45:27Z,Kwun Tong District,,Innovative tech firm seeks adaptable Systems Analyst to streamline workflows and drive digital transformation.
85365893,Business Analyst (Microsoft Dynamics 365) (IT Solutions),Classy Wheeler Limited,2025-07-02T05:30:20Z,"Wong Chuk Hang, Southern District","$20,000 – $30,000 per month","Looking for a Dynamics 365 Business Analyst? Top firm in Greater China seeks your talent! Collaborate, innovate & grow. Apply now!"
84978904,"Part Time Internship, Rewards Data Intelligence, Hong Kong (H2 2025)",Willis Towers Watson,2025-06-17T07:06:17Z,Hong Kong Island,,"As an Intern in our Rewards Data Intelligence team, you will work on a variety of compensation and benefits surveys and related assignments"
85229784,SOC Operator,Autotoll Limited,2025-06-27T09:07:32Z,"Kowloon Bay, Kwun Tong District",,"To cope with our expansion and continuous growth in the transportation and logistics related service, we are inviting talents to join our..."
85269243,International Services Executive (Carrier Business),Hutchison Telecommunications,2025-06-30T10:11:28Z,"Tsing Yi, Kwai Tsing District",,"Being a well customer servicing, liaise of related documents, detail-minded and energetic.  Nice to good communication & presentation skill."
84973924,System Analyst,Global Smart Development Limited,2025-06-17T05:55:11Z,"Lai Chi Kok, Sham Shui Po District",,"Responsible for system analysis, application design and software development.
"
85258354,Data Analyst / Power BI Specialist,,2025-06-30T04:25:18Z,"Lai Chi Kok, Sham Shui Po District",,"Develop insightful Power BI dashboards, drive data-driven decisions, and develop of digital forms and workflows across Microsoft 365 platforms."
85170398,Regional Data Solutions Manager,Richemont,2025-06-25T09:52:28Z,Central and Western District,,Don't hesitate to join!
84653313,Associate Consultant/ Application Consultant/ Business Analyst,Smarthire by SEEK,2025-07-02T08:03:36Z,"Kowloon Bay, Kwun Tong District",,"Our client ""Bizspoke Technology Company Limited"" is seeking an Associate Consultant/ Application Consultant/ Business Analyst to join their team!"
85372946,OMS/ERP 系統維護與運營專員 OMS/ERP System Maintenance and Operations Specialist,Taste of Asia Group Limited,2025-07-02T08:10:18Z,"Diamond Hill, Wong Tai Sin District",,加入 Taste of Asia 團隊，擔任 OMS/ERP 系統維護與運營專員！這是一個充滿活力的職位，您將有機會參與多個部門的協作，確保關鍵系統的順暢運行，為員工提供培訓與支持，並推動創新解決方案的開發。如果您熱衷於技術、解決問題並希望發揮影響力！
84184938,Assistant Manager / Analyst (Long Term Business),Insurance Authority,2025-07-03T02:15:51Z,Southern District,,"Perform prudential supervision of authorized life insurers
Participate in conducting inspection and monitoring life insurers' compliance"
85171993,Product Marketing Officer,Melaleuca,2025-06-25T10:48:57Z,"Jordan, Yau Tsim Mong District",,Product promotion and Data analysis
85429400,Research Intern,"TCL Corporate Research (Hong Kong) Co., Limited",2025-07-03T06:08:33Z,Sha Tin District,,"This is an exceptional opportunity to work with our research scientists, gaining exposure to cutting-edge AI research."
85221323,"Specialist, Revenue Management",Hong Kong Express Airways Limited,2025-06-27T04:05:57Z,"Airport Area, Islands District",,summary
85138152,Deputy Assistant Manager / Senior Financial Analyst,Hutchison Telecommunications,2025-06-24T09:47:35Z,"Tsing Yi, Kwai Tsing District",,"•	Analyze financial information to support decision-making
•	Prepare monthly and quarterly forecasts, and annual budget reporting packages"
85171828,Business Analyst  / Assistant Business Analyst,BridgeBuilder Company Limited,2025-06-25T10:32:32Z,"Kwai Hing, Kwai Tsing District",,Leverage your business analysis skills to drive strategic initiatives and operational efficiency at BridgeBuilder. Join our dynamic team!
85035736,"Data Scientist, Audit (MJ004735)",KPMG,2025-06-19T07:15:11Z,"Central, Central and Western District",,We are actively hiring candidates with 1+ years’ experience relating to Data & Analytics with experience in Visualization to join our amazing team.
85363245,"Consultant, AI in Advanced Industry Engineering",Hong Kong Productivity Council,2025-07-02T04:09:29Z,"Kowloon Tong, Kowloon City District",,To conduct intensive technology search for identifying the latest emerging technologies development directions in applying AI techniques
85051958,Data Centre Operator,Smarthire by SEEK,2025-07-02T07:59:16Z,"Tsuen Wan, Tsuen Wan District",,"Our client ""Lantro (HK) Limited"" is seeking a Data Centre Operator to join their team!"
85381850,Business Analyst – Life Insurance Policy Administration (2-Year Contract),JNL Consulting Limited,2025-07-02T14:58:57Z,Central and Western District,,"Lead a high-impact policy admin transformation with a top insurer—drive system revamps, process redesign, and real change over a 2-year journey."
85215231,Senior Engineer (Data Management),Hutchison Telecommunications,2025-06-27T00:53:44Z,"Tsing Yi, Kwai Tsing District",,Handle End to End data transformation from a wide variety of data sources to data warehouse using ETL tools and programming techniques
84753242,Data Analyst - SAS (20 - 30k) - Renewable Contract role,Mclaren Consultancy Limited,2025-06-06T09:58:25Z,"Causeway Bay, Wan Chai District","$20,000 – $30,000 per month",Our client is a leading finance company in Hong Kong. They are now expanding the team and looking for a Data Analyst.
85124600,Senior Data Analyst or Data Analyst,Preface Technopreneur Limited,2025-06-24T03:25:51Z,Wan Chai District,,We are looking for a (Senior) Data Analyst to help analyze / interpret data and optimize Preface’s business operations and financial performance
84953444,Senior Platform Risk Analyst,Coper Pioneers Technology Limited,2025-06-16T10:18:50Z,New Territories,,Leading exchange 
85378292,"Financial Analyst, FP&A",Lane Crawford,2025-07-02T10:22:02Z,Southern District,,"As a Financial Analyst, you will support the finance team in providing financial insights and analysis to aid in achieving our business goals."
84650516,University Intern (Part-time) – AI & Machine Learning Research,Quality People Resources Limited,2025-06-03T03:09:47Z,Yau Tsim Mong District,,"Join us to shape AI's future! Develop cutting-edge Generative AI, collaborate with experts, and make an impact. Fresh graduates welcome!"
85411210,"*Top Tier Bank* Project Analyst (12 months contract), up to 40k per month",Allegis Global Solutions,2025-07-03T02:01:22Z,"Ngau Tau Kok, Kwun Tong District",,We are looking for candidates who are experienced in testing and project coordination. Candidates are expected to be test lead by leading few testers
84982789,Analyst Programmer,DXC Technology,2025-06-17T09:29:14Z,"Tai Koo, Eastern District",,Analyst Programmer
84662595,"Digital Business Analyst (Jira, Agile)",Persolkelly,2025-07-03T02:18:01Z,Hong Kong Island,,Oversee digital business and customer behavior requirements for insurance-related projects utilizing Agile methodology
84662604,Business Analyst,Soleil,2025-06-03T08:38:48Z,"Ngau Tau Kok, Kwun Tong District",,"
Responsibilities:

 Fund forecast and analysis
 Analyze our client needs and contribute to innovative solutions and concepts
 Provide..."
81524160,Business Analyst / Senior Business Analyst,Automated Systems (HK) Ltd,2025-06-30T01:41:12Z,Sha Tin District,,"2+ years of related experiences
Experiences in Scrum/Agile would be an advantage."
85367076,Business Analyst/ Junior Specialist (Investment Team NOT IT/Data),Manulife,2025-07-02T06:07:40Z,"Ngau Tau Kok, Kwun Tong District","$20,000 – $30,000 per year",We are a global insurance agency concentrating on fund and asset management for our clients.
85432710,AWS Services Business Development Manager,Ingram Micro,2025-07-03T07:20:38Z,"Kowloon Bay, Kwun Tong District",,Drive growth and expand market share for AWS solutions by identifying and developing new business opportunities. And work closely with partners.
85132727,Global Commercial Insights Analyst,Cathay Pacific Airways,2025-06-24T07:08:34Z,"Lantau Island, Islands District",,The successful candidate will become a key member of the Cathay’s dynamic Global Commercial Insights & Analytics Team
85362509,"Contract System Analyst (Credit Products , Cobol, Bank)",Global Talent Services Limited,2025-07-02T03:50:43Z,"Quarry Bay, Eastern District","$40,000 – $50,000 per month","Mainframe platform utilizing COBOL, JCL, CICS, VSAM; Loans/Credit business and related operation process; CardLink System."
84679261,Data Analyst - Financial Industry,Protiviti,2025-06-04T02:28:02Z,Eastern District,"$28,000 - $32,000 per month", We are looking for an experienced and passionate Data Analyst for our financial client.
85195678,Senior Programmer / Senior GIS Programmer,Esri,2025-06-26T06:59:17Z,"Lai Chi Kok, Sham Shui Po District",,"- Participate in GIS projects and development services;
- Provide teaching services to customers;
- Prepare GIS software demonstrations & prototypes."
85182077,Analyst Programmer,Decca Co,2025-06-26T01:35:41Z,"Chai Wan, Eastern District",,"You can enjoy:

 5-day work week
 12 days annual leave
 Guaranteed year-end bonus
 Competitive salary and Discretionary bonus
..."
85166042,Assistant CRM Manager,Loro Piana (HK) Ltd,2025-06-25T07:36:25Z,Hong Kong Island,,Implementing CRM activities in South Asia region to ensure global CRM objectives are met throughout the region.
85361873,Financial Anchor,AASTOCKS,2025-07-02T03:36:39Z,Hong Kong SAR,,"As part of our team, you are going to
Manage and create content for various social media platforms (Facebook, Instagram, YouTube..."
85406405,"ESG Consultant (Project-based, Freelance)",South China Holdings Company Limited,2025-07-03T01:43:13Z,"Central, Central and Western District",,"Prepare Environmental, Social and Governance (ESG) / Sustainability reports in compliance with requirements set out in the Listing Rules"
82304935,Senior Insight Analyst - Segmentation and Reporting,HKBN Ltd,2025-06-23T07:40:34Z,"Kwai Chung, Kwai Tsing District",,Support campaign planning and execution to deliver campaigns on agreed schedule and identify areas for automation to improve efficiency
85362361,Business Analyst,Serviceone Limited,2025-07-02T03:48:10Z,"Central, Central and Western District",,"Secondment position, 1-year renewable contract"
85011561,Financial Analyst | WPP Media,GroupM,2025-06-18T09:09:06Z,"Quarry Bay, Eastern District",,"WPP Media is looking for a Financial Analyst, Commercial to join our Finance team assist in various financial tasks."
85407782,Wealth Management Trainee & Intern 暑期實習/財富顧問/財富策劃顧問/財富管理培訓生/實習生/Internship/...,AIA,2025-07-03T01:48:40Z,"Causeway Bay, Wan Chai District","$20,000 – $30,000 per month","Full time Job Description: 

 - Assess clients’ financial situations by conducting financial needs analysis
 - Analyse and provide total..."
84894426,Data Analyst/ Assistant (Welcome Fresh Graduate),Chandler Macleod Group,2025-06-13T03:57:05Z,"Sham Shui Po, Sham Shui Po District","HKD $18,000 per month","  Job details:     Work location: Sham Shui Po  Working hour: Mon to Fri, 0830 - 1745  6 months contract, renewable    Responsibilities:     Oversee"
85244083,Senior Data Analyst,JFE Consulting Limited,2025-06-29T00:52:18Z,"Airport Area, Islands District",,Our client is one of the reputable IT solutions provider in HK with wide range of professional services from different industries. They are now...
85184940,"Junior, BI Developer",DCH Business Innovations,2025-06-26T02:50:02Z,"Kowloon Bay, Kwun Tong District",,Experience in building Azure Data Lake Gen 2 using different file formats and good understanding of Common data model & their Folders
84935849,Operations Optimization Algorithm Engineer,"TCL Corporate Research (Hong Kong) Co., Limited",2025-06-16T02:18:47Z,Sha Tin District,,"Develops data models for TCL’s digital transformation, focusing on supply chain optimization. Requires a Master’s, programming, and analytical skills."
85422264,"Data Center Technical Officer (TKO, 0900-1800 Mon-Fri)",CBRE,2025-07-03T03:09:12Z,"Tseung Kwan O Industrial Estate, Sai Kung District","$30,000 – $32,000 per month","This role will manage and plan asset data/work orders and work closely with clients, vendors, and contractors to make sure work orders are complete"
85410084,Postdoctoral Researcher - 3D Vision and AIGC,"TCL Corporate Research (Hong Kong) Co., Limited",2025-07-03T01:56:52Z,"Science Park, Tai Po District",,"Background in related fields such as Computer Science and Technology, AI, Geographic Information Systems, Remote Sensing Science & Technology"
85378402,ITSM Business Analyst,TEKsystems,2025-07-02T10:27:26Z,"Central, Central and Western District",,"Our client, a FSI enterprise firm, is looking for an experienced ITSM Business Analyst to join their team."
85271125,Data Scientist,JFE Consulting Limited,2025-06-30T12:54:58Z,"Central, Central and Western District",,Our client is a well-established IT Services Provider and now looking for an experienced Data Scientist to join their IT service team.
85265710,"Institutional Corporate Sales, Institutional Equities (6-month Full-time Intern)",China Merchants Securities International Company Limited,2025-06-30T07:48:43Z,"Central, Central and Western District",,"To support business growth and talent development, we are opening this Corporate Client Sales position as a 6-month full-time internship."
85219207,Project Manager (Research),Tiptop Consultants Pte Ltd,2025-07-02T08:42:20Z,"Lai Chi Kok, Sham Shui Po District",,"Join our team and lead meaningful research projects! Take charge of project management, and deliver valuable insights to our clients."
85194117,"Analyst, Specialist, Data/Business Analytics (Campaign Management)",DBS Bank,2025-06-26T06:21:40Z,"Quarry Bay, Eastern District",,Minimum 5 years of data analytics experience with strong programming skill in SQL and Python
85426139,Marketing Executive,,2025-07-03T04:38:29Z,"Cheung Sha Wan, Sham Shui Po District","$20,000 – $30,000 per month",1
74055325,Business Data Analyst,Datacube Research Centre Limited,2025-03-24T04:03:30Z,"Kwun Tong, Kwun Tong District",,"




 Responsible for Data mining in finance, insurance, retail, Internet of Things (IoT) and other fields, mining the core business value in..."
84663191,"Senior Analyst, Application Solutions 應用系統方案高級分析主任",Modern Terminals Ltd,2025-06-03T09:04:16Z,"Kwai Chung, Kwai Tsing District",,The job holder's major responsibility is to lead and manage IT application solution projects and monitor the performance
84862057,Data Engineer,Lenovo PCCW Solutions,2025-06-12T02:55:53Z,"Tai Kok Tsui, Yau Tsim Mong District","$40,000 – $50,000 per month","Successful candidate will be providing technical services covering solution design, project implementation, systems support in eMPF project.

"
84752746,Marketing Executive - CRM Loyalty Program,Hutchison Telecommunications,2025-06-06T09:39:31Z,"Tsing Yi, Kwai Tsing District",,"CRM segment project base, data analysis, figure sense, detail-oriented and excellent communication skill.  NO telecom experience will be considered. "
85098385,Investment Analyst – Asset Management – Hong Kong,Nicoll Curtin Technology,2025-06-23T05:27:14Z,Hong Kong Island,"$540,000 – $720,000 per year","A fantastic opportunity for a junior, aspiring Research Analyst to join a leading Asian Asset Manager"
85263993,"Manager, Data Analytics and Strategic Planning (CRM, up to 50k)",Nesta (Hong Kong) Limited,2025-06-30T06:52:51Z,Hong Kong Island,"$45,000 – $50,000 per month",The role involves helping to create a digital and data strategy to support the company's transformation.
84983405,"Assistant Manager, Research and Analytics",Hong Kong Productivity Council,2025-06-17T09:50:12Z,"Kowloon Tong, Kowloon City District",,Work with internal departments and/ or external vendors to develop AI tools
85051513,Performance Specialist | Digital | Media Agency (Fresh Graduate Welcome),Fabcom Limited,2025-06-20T01:57:33Z,"Kowloon Bay, Kwun Tong District",,"Develop in-depth knowledge and hands-on experience in social advertising, programmatic display and other related fields."
85165414,Business Analyst / Project Manager (Entertainment client),DB Results,2025-06-25T07:16:33Z,"Happy Valley, Wan Chai District",,"We are seeking a driven Business Analyst / Project Manager to join our team, supporting a leading client in the entertainment sector."
84711395,"Business Analyst - Data Migration Project- HKD 35,000 - 45,000/Month",Techforce Group,2025-06-05T02:54:46Z,Hong Kong SAR,"$35,000 – $45,000 per month","Work with Data Engineers team to extract data for data mapping, data heath check, data processing, analysis and reports. "
84652357,Digital Technology Business Analyst – Wealth Management,Pinpoint Asia Limited,2025-06-03T03:43:41Z,"Admiralty, Central and Western District","$50,000 – $70,000 per month",You will bridge the gap between business needs and innovative digital technology solutions
85407087,Programmer/Analyst Programmer,Qualicom Innovations Asia Ltd,2025-07-03T01:46:17Z,"Kowloon Bay, Kwun Tong District",,Develop and implement enterprise-grade responsive web & mobile applications; Understanding of cross-browser compatibility / responsive design
85168562,Product Analyst,Principal Asset Management,2025-06-25T08:52:06Z,Wan Chai District,,"Join Our Dynamic Team as a Product Analyst at Principal Asset Management! As a Product Analyst, you'll showcase our investment strategies."
85425039,Project Manager / Business Analyst - Global Bank,TEKsystems,2025-07-03T04:05:14Z,"Central, Central and Western District","$70,000 – $80,000 per month","Looking for a PMO opportunity with Global Bank, joining the Portfolio Team to deliver impactful solutions across the Global Markets business"
85373175,Digital Marketing Executive | Media planning,Vita Green,2025-07-02T08:11:47Z,"Tsim Sha Tsui, Yau Tsim Mong District",,"You'll be enhancing our capability of digital performance in all digital marketing channels, and social media platforms."
85199326,Senior Data Analyst,Expofreight (Hong Kong) Limited,2025-06-26T07:59:02Z,"Tsim Sha Tsui, Yau Tsim Mong District",,"Collaborate with stakeholders to elicit, analyze, and document business and technical requirements."
85252980,Data Engineer (DBA) – MongoDB Expert,Smarthire by SEEK,2025-06-30T02:02:36Z,"Cyberport, Southern District",,"Our client ""Real Corporation Limited"" is seeking a Data Engineer (DBA) – MongoDB Expert to join their team!"
84886767,Analyst,,2025-06-13T00:46:58Z,Central and Western District,"$50,000 – $75,000 per month","Engage in in-depth manager due diligence, shape risk strategies, and collaborate with senior leadership."
85378564,Business Analyst - Leading International Bank (Up To $45K),Michael Page,2025-07-02T10:36:41Z,Central and Western District,$30k - $45k p.m.,"Join HSBC as a Business Analyst-gain regional exposure, manage impactful projects, and grow your skills in a top-tier financial institution."
84665885,SAP Specialist,De'Longhi Group,2025-06-03T11:24:52Z,"Cheung Sha Wan, Sham Shui Po District",,Perform program modification and performance improvement in relation to SAP .
85103303,System Analyst,Tycoon Group,2025-06-23T07:30:06Z,"Fo Tan, Sha Tin District",,Provide solutions and support on Microsoft D365 F&O project
85034376,"Technical Support Analyst, IT",BOCI-Prudential Trustee Limited,2025-06-19T06:52:30Z,"Tai Koo, Eastern District",,"Administer and manager Microsoft servers
Troubleshooting system, storage & network problems, diagnose and solve hardware/software incidents/problems."
84982903,Data Engineer,Gleneagles Hospitals,2025-06-17T09:33:13Z,Southern District,,"Design, build and maintain the organization's data infrastructure, including databases, data pipelines, and data storage solutions"
84997072,Japanese Speaking Market Analyst マーケットアナリスト,Succeed Holdings,2025-06-18T02:48:37Z,"Tsing Yi, Kwai Tsing District",,We are looking for a team-oriented talent with marketing analyst experience to join our team.
84681659,Business Analyst / Product Owner – Banking Digitalisation Programme,Pinpoint Asia Limited,2025-06-04T03:26:27Z,"Admiralty, Central and Western District","$70,000 – $90,000 per month",One who has not only honed their skill set in business analysis but also possesses a nuanced understanding of banking regulations and requirements
85256888,Junior Project Analyst (Major FSI),Cornerstone Global Partners,2025-06-30T03:44:29Z,"Central, Central and Western District","$24,000 – $32,000 per month",Project Analyst - Major FSI
85205578,Finance Operations Analyst,JNL Consulting Limited,2025-06-26T11:34:33Z,Hong Kong Island,,This role supports daily finance operations and ensures accuracy and integrity of financial data & processes during business-as-usual and initiatives.
84941240,Terminal Planning Analyst II 二級碼頭規劃分析主任 (Fresh graduate also welcome),Modern Terminals Ltd,2025-06-16T04:28:41Z,"Kwai Chung, Kwai Tsing District",,The job holder's major responsibility is to participate in terminal development and define the medium to long term terminal upgrade.
85264766,IT Business Analyst,Hang Lung Properties Limited,2025-06-30T07:15:45Z,"Mong Kok, Yau Tsim Mong District",,"Manage vendors to design and develop CRM and digital solutions, and provide on-going maintenance to digital platforms"
85248901,(Senior) Business Analyst,Hong Kong Telecom,2025-06-29T23:25:26Z,"Quarry Bay, Eastern District",,Strong Data and Customer Segment Analysis skill to recommend business activities to increase consumption across different kind of products
84901135,Senior Analyst Programmer / Analyst Programmer,Skechers,2025-06-13T06:41:53Z,Kwun Tong District,,"5 Days Work Week,
Flexi Working Hours,
Annual Leave / Birthday Leave / Marriage Leave,
Medical Scheme,
Staff Purchase Discount"
85252658,Finance Intern,Hermès,2025-06-30T01:56:20Z,"Causeway Bay, Wan Chai District",,Intern will acquire valuable practical experience and learn about the various strategies used to in the retail sector.
84306227,Requirements Analyst,Checkpoint Systems,2025-06-30T03:21:59Z,"Lai Chi Kok, Sham Shui Po District",,Work with the business partners to evaluate and document new customer requests / new products for changes inside systems / projects.
84965397,GIS Analyst / Senior GIS Analyst,Esri,2025-06-17T02:03:27Z,"Lai Chi Kok, Sham Shui Po District",,"Professional sales and technical marketing of Geographic Information System (GIS) software; and
Business development and customer account management."
84779947,Data analyst - Private Banking (6 months),Robert Walters,2025-06-09T05:42:53Z,Central and Western District,,My client is a reputable MNC bank and they are looking for a data analyst to join their data team.
84242702,Assistant Market Analysis Manager,Hong Kong Telecom,2025-07-02T09:57:00Z,"Quarry Bay, Eastern District",,Join our dynamic team as Assistant Market Analysis Manager and drive impactful insights with cutting-edge tools and innovative research methodologies
85199523,AI Solutions Developer,Glass Label Limited,2025-06-26T08:04:23Z,Kwun Tong District,,Own end-to-end AI tool development: Turn business concepts into deployed solutions that optimize operations and products
85229128,(Senior) IT Business Analyst | CRM | Loyalty Program | Customer-related,Vita Green,2025-06-27T09:47:11Z,"Tsim Sha Tsui, Yau Tsim Mong District",,We are seeking a motivated (Senior) IT Business Analyst to join our team! You will be playing an integral part in IT Business Analyst team.
85107766,Senior Data Analyst (18-month Contract),Cathay Pacific Airways,2025-06-23T09:59:04Z,"Tung Chung, Islands District",,Operations Planning (OPN) spearheads integrated and digital operations
85423552,"AVP, Data Management Office",Charterhouse,2025-07-03T03:33:12Z,Central and Western District,Negotiable,"Our client, a renowned regional bank, is looking for an AVP- Data Management Office under the governance team and primarily focus on data governance."
85268919,Business Analyst,Robert Half,2025-06-30T09:55:41Z,Central and Western District,,Our client is looking for Business Analyst to join a dynamic team at their financial institution Company.
84953165,Programmer / Analyst Programmer,Global Smart Development Limited,2025-06-16T10:06:55Z,"Lai Chi Kok, Sham Shui Po District",,"Perform programming and testing following system development life cycle methodology.
"
84979163,Data & Market Research Clerk (Part-Time),Comasia Limited,2025-06-17T07:17:36Z,Kwun Tong District,,"
Responsibilites:

  Research and compile data related to the specific tradeshows that are organized by the company
  Research and identify new..."
85352016,"Manager/ Senior Manager, Underwriting",China BOCOM Insurance Company Limited,2025-07-02T01:51:42Z,Central and Western District,,"5 days work week,
Double pay, Performance bonus
Attractive benefit packages"
85269930,Business Development Coordinator (Research & analysis focus),Messe Frankfurt (HK) Ltd,2025-06-30T10:55:09Z,"Wan Chai, Wan Chai District",,"Responsibilities:


 Assist the manager to compile market information, new business opportunities, statistical data, economic trends..."
85374438,Senior Business Control Officer/ Assistant Business Control Manager - FP&A,Uni-China Group,2025-07-02T08:53:00Z,"Tsim Sha Tsui, Yau Tsim Mong District",,"FP&A
Assist to prepare daily sales report, forecast sales target, budget planning and monthly end Report"
84933156,"Business Analyst Trainee  (5-day work, 15-20K) (IANG/Fresh Graduate Welcomed)",Fran & Wen Profit,2025-06-16T01:03:22Z,"Kwun Tong, Kwun Tong District","$17,000 – $19,999 per month","
A well leading financial institution in Hong Kong, we are looking for a pro-active and self-motivated professional to fill the following..."
85163714,Data Migration Analyst,Dairy Farm International Holdings,2025-06-25T06:31:57Z,"Quarry Bay, Eastern District",,Ensure data extraction completeness and correctness as required for the planned data migration cycles.
85231826,System Engineer - Database Administration (REF: ATECM),ATAL Engineering Group,2025-06-27T10:40:29Z,"Kwai Chung, Kwai Tsing District",,"We provide total solution for smart building technologies, includes energy optimization, intelligent control & automation, security & ELV, ICT & IoT."
85220368,Data Engineer,The Hong Kong Jockey Club,2025-06-27T03:36:21Z,"Sha Tin, Sha Tin District",,Drive insights and optimize outcomes by building ML models and data pipelines for improved data services.
84909789,Data Lead / Senior Data Analyst,Bayou Technology Services Limited,2025-06-14T02:27:04Z,Hong Kong SAR,"$70,000 – $100,000 per month","Lead a team to implement data intelligence, big data & AI projects"
84936609,Senior Data Analyst,Bupa,2025-06-16T02:37:30Z,"Ngau Tau Kok, Kwun Tong District",,Senior Data Analyst at Bupa.
84890408,LLM Engineer (Data and Optimization),"TCL Corporate Research (Hong Kong) Co., Limited",2025-06-13T02:27:31Z,"Science Park, Tai Po District",,This position offers the opportunity to work on innovative projects and contribute to the development of advanced AI solutions
85064210,Business Analyst - Commercial Insight & Analytics,AS Watson Group,2025-06-20T07:59:57Z,"Whampoa Garden, Kowloon City District",,"Tasked with data collection & requirement gathering, business & market data analysis and insights"
85218215,"Assistant Manager, Service Management",CIGNA Insurance,2025-06-27T02:34:54Z,Kwun Tong District,,"The incumbent role will manage the resolutions of a wide range of regulatory/customer complaints, market conduct disputes."
85362657,"Data Engineer (insurance, about 54000/month)",Leadership Solutions Limited,2025-07-02T03:53:39Z,Hong Kong SAR,"$45,000 – $54,000 per month","A data engineer with Azure, Oracle Fusion integration, data models"
85220395,Digital Business & Strategy Officer (Long-term Travel),Valuable Capital Limited,2025-06-27T03:37:27Z,"Sheung Wan, Central and Western District",,The Digital Business and Strategy Department is responsible for driving the digitalization of the Company’s global online brokerage business.
85185788,Data Center Engineer,Computacenter,2025-06-26T03:11:51Z,Tsuen Wan District,"$25,000 – $30,000 per month",Apply today for a work opportunity in a dynamic team in a multinational financial institution and a fulfilling career & development.
85154091,"Data Analytics Intern - AI, LLM (Jul-Dec 2025)",AXA,2025-06-25T02:48:53Z,"Wong Chuk Hang, Southern District",,Not Applicable
84980751,(Assistant) Security Analyst,CITIC Telecom CPC,2025-06-17T08:06:48Z,"Kwun Tong, Kwun Tong District",,"Embark on a captivating role as a Security Analyst: Investigate incidents, fine-tune SIEM rules, and engage seamlessly with clients."
84648774,CRM System Analyst,AS Watson Group,2025-07-02T10:28:44Z,"Whampoa Garden, Kowloon City District",,"You'll support CRM for our loyalty rewards, profiles, and campaigns, as well as marketing tech and system integrations for better O+O experience."
84382109,Senior Data Analyst,Kerry Properties Limited,2025-06-11T02:20:46Z,"Quarry Bay, Eastern District",,"Join as a Senior Data Analyst to design, develop and maintain impactful dashboards and reports, while supporting and training business users."
85420829,Data Solution Architect,Ambition Recruitment,2025-07-03T02:39:39Z,Central and Western District,Negotiable,Our client is looking for a data solution architect
84020827,Application Analyst (REF: IT/AA),ATAL Engineering Group,2025-07-02T09:22:32Z,"Kwai Hing, Kwai Tsing District",,"User setup and health checks on application status.
Assist in System Integration Testing (SIT) and User Acceptance Testing (UAT)"
85103615,Research Assistant,,2025-06-23T07:40:41Z,"Lai Chi Kok, Sham Shui Po District",,"The Research Assistant supports the team by conducting literature reviews, collecting and analyzing data, and assisting in report preparation. "
85181897,Urban - Analyst,,2025-06-26T01:32:03Z,Wan Chai District,,"Familiar with different kinds of spatial data processing, calculation and analysis in GIS"
84650401,Junior Financial Consultant(Welcome Fresh-Grad/IANG),Manulife,2025-06-03T02:59:39Z,"Kwun Tong, Kwun Tong District",,"Requirements:
Recent Graduate and IANG also considered.  
Interested in wealth management and financial planning.

we...."
85057102,Assistant Business Analyst,Daniel & Co,2025-06-20T04:42:35Z,"Tsing Yi, Kwai Tsing District",,Degree holders in any disciplines with at least 1-2 years analytical working experience is preferred
84832873,Data Center Operator,Orient Overseas Container Line,2025-06-11T02:57:30Z,"Science Park, Tai Po District",," Provide daily operational support in data centers
 Monitor all network, system and application closely"
84843626,System Analyst,Jebsen & Co Ltd,2025-06-11T07:37:55Z,Hong Kong Island,,"The System Analyst is responsible for the overall health, performance, and continuous improvement of critical enterprise systems like ERP & WMS. "
84079116,System Analyst - PMS,Swire Properties,2025-07-02T07:03:53Z,"Quarry Bay, Eastern District",,"About our role

We are now looking for a talented Senior System Analyst to be part of our dynamic team based at our headquarters in One Island..."
84907797,Consultant / Senior Consultant - ESG & Sustainability,Environmental Consultants,2025-06-13T09:43:24Z,Wan Chai District,,Allied Environmental Consultants Ltd. (AEC) principally engaged in green building; environmental assessment; ESG and acoustics consultancy services. 
84861235,Solution Consultant（HK),,2025-06-13T06:42:25Z,Hong Kong Island,"$30,000 – $35,000 per month",Design and implement customized ERP solutions meeting client needs. Support implementation for successful deployment.
85013443,(Sr.) PMO Analyst,Lalamove,2025-06-18T09:59:59Z,"Kowloon Tong, Kowloon City District",,An exciting opportunity to work along our world-class Product and Engineering team to steer high growth products and scale up our application globally
84648610,"Associate Specialist, Sales System Development",Hong Kong Disneyland Resort,2025-06-03T02:06:44Z,"Lantau Island, Islands District",,"The Asso. Specialist, Sales System Development will be supporting the Sales & DM organization in terms of systems and technology tools."
85425339,Insurance - IT Business Analyst (admin system transformation project) ($30K up),ManpowerGroup,2025-07-03T04:12:55Z,"Kwun Tong, Kwun Tong District",,"Our client - Global financial company, is now looking for Senior Business Analyst join within their team."
84932344,"(Senior) Digital Marketing Executive, B2B MICE Exhibitions",Informa Markets,2025-06-16T00:37:51Z,"Wan Chai, Wan Chai District",,"Plan & execute digital marketing activities, measure performance of digital marketing campaigns, identify trends & insights for products/services. "
85099322,Analyst Programmer,Continuous Technologies International Ltd,2025-06-23T05:59:03Z,"Quarry Bay, Eastern District",,"
Responsibilities



 Participate in system development, testing and implementation
 Provide ongoing support and maintenance
..."
85223200,Production Support (Business Analyst),NP Solution Limited,2025-06-27T05:13:45Z,"Whampoa Garden, Kowloon City District",,"Ensure smooth daily eCommerce IT operations systems across HK & region, boost profits, and align with operations teams for timely, quality execution."
84903755,Applied Research Engineer – LLM,,2025-06-13T07:39:20Z,Hong Kong Island,"$35,000 – $50,000 per month",Come join us to build the revolutionary ai agent. Let's ride the wave and soar the wind.
84902257,Deputy/ Credit Risk Manager (Portfolio Management),Bank of China (Hong Kong),2025-06-13T07:02:22Z,Hong Kong SAR,,"Bank of China (Hong Kong) is committed to building a challenging and rewarding work place for employees.
"
84676988,"Business Consultant, Full-Time/Intern",AIA,2025-06-04T01:29:39Z,"Causeway Bay, Wan Chai District","$30,000 – $45,000 per month","If you believe in inspiring a better future, we'd love to hear from you."
84694776,Marketing Executive,NW Group International,2025-06-04T09:33:07Z,Sha Tin District,"$17,000 – $19,999 per month","
Company Brief Introduction:

 We focus on selling fresh goods, healthy snacks, and nutrition products
 We promote and educate fitness and..."
84937066,Statistical Analyst,,2025-06-16T02:50:11Z,Sha Tin District,,"
Description:

 Provide support in clinical trial sample size calculations, data cleaning and analysis.
 Production of graphs, charts, and..."
85432560,"Technical Consultant, AWS",Ingram Micro,2025-07-03T07:14:31Z,"Kowloon Bay, Kwun Tong District",,"Provides expert guidance and solutions to partners in the implementation, optimization, management of AWS cloud solutions and assess technical needs."
85204051,Sustainability Analyst/ Sustainability Analyst Assistant,CHFT Advisory and Appraisal Limited,2025-06-26T10:27:57Z,"Central, Central and Western District",,"Key roles and responsibilities of our and Sustainability Analyst:

 Prepare parts of Environmental, Social and Governance Report ('ESG')..."
85244050,Data Scientist,JFE Consulting Limited,2025-06-29T00:35:57Z,"Central, Central and Western District",,Our client is a well-established IT Services Provider and now looking for an experienced Data Scientist to join their IT service team.
84470466,Demand Planner,Reckitt,2025-05-26T04:19:53Z,"Causeway Bay, Wan Chai District",,"Providing demand analysis and managing replenishment, this role acts as the centre of operation for all Supply related matters. "
85267508,(Senior) CRM Executive | Retail Loyalty | CRM Campaigns,Vita Green,2025-06-30T08:56:50Z,"Tsim Sha Tsui, Yau Tsim Mong District",,"As the Senior CRM Executive at VG, you will play a pivotal role in managing and optimizing loyalty programs, CRM systems, and VIP reward programs."
85049384,Summer Intern (STEM Internship Scheme),Avnet Asia,2025-06-20T01:00:15Z,Kwai Tsing District,"$11,490 per month",RPA and Business Analytics in Logistics Operations
85244038,Associate Data Scientist,JFE Consulting Limited,2025-06-29T00:33:32Z,"Central, Central and Western District",,"Monitor data science product performance to ensure the delivery of expected business value, and initiate necessary corrective actions"
84927394,具身智能大模型算法工程师/实习生 (J26422),,2025-06-15T10:15:56Z,"Science Park, Tai Po District",,招商局先进技术研究院有限公司是招商局集团打造的前瞻性、开放式、战略性科技创新研发平台，由招商创科进行统筹管理。先进院聚焦绿色科技、生命科技和数智科技三大领域的重大前沿技术，具备前沿科技跟踪、关键技术研发、创新成果转化以及技术人才合作等四大功能。力争建设成为特色鲜明、具有区域影响力的企业中央研究院。
85359308,"Analyst, Finance",China Everbright Securities International Company Limited,2025-07-02T02:38:32Z,"Causeway Bay, Wan Chai District",,"Ref: Analyst/Fin/020725DB/27  
- Handle daily accounting works, including payment instructions & checking, accounts payable, data input, etc."
84889677,Project Executive (IT),Smarthire by SEEK,2025-07-02T07:58:35Z,Tsuen Wan District,"$18,000 – $22,000 per month","Our client ""OmniWe Limited"" is seeking a Project Executive (IT) to join their team!"
84944045,"Sr Finance Analyst, North Asia (Project Accounting Focused, HK$35k)",CBRE,2025-06-16T05:56:04Z,"Ngau Tau Kok, Kwun Tong District","$30,000 – $35,000 per month","In this role, you will gain regional exposure to the finance and accounting operations for a fast-expanding data center project business portfolio."
85132831,Data Analyst - Banking - Finance,McCabe International Limited,2025-06-24T07:11:49Z,"Mong Kok, Yau Tsim Mong District",,Our client is a multinational bank are looking for a motivated and detail-oriented Data Analyst to support their Business Finance Department.
84650471,"Business Consultant, Full-Time/Intern",AIA,2025-06-03T03:01:47Z,"Causeway Bay, Wan Chai District","$30,000 – $45,000 per month","If you believe in inspiring a better future, we'd love to hear from you."
84663081,Assistant IT Engineer,Lenovo PCCW Solutions,2025-06-03T08:59:20Z,"Tai Kok Tsui, Yau Tsim Mong District",,Transforming the legacy systems through the latest digital solution on agile architecture to support the next generation of CRM & Billing systems.
84748849,"Associate Director, Architecture (Data)",Sun Life,2025-06-06T06:59:49Z,"Hung Hom, Kowloon City District",,We are looking for a proactive candidate to join our team.
85217121,"System Analyst (Application Systems), The Chinese Medicine Hospital of Hong Kong",Hong Kong Baptist University,2025-06-27T02:00:53Z,"Kowloon Tong, Kowloon City District",,The initial appointment will be offered on a fixed-term contract ending in December 2025.
84970855,Senior Analyst,AVISTA Group,2025-06-17T04:17:31Z,"Wan Chai, Wan Chai District",,Big4 Audit team is welcome!
85201139,Research Executive (Project),Tiptop Consultants Pte Ltd,2025-06-26T08:53:16Z,"Lai Chi Kok, Sham Shui Po District",,"Join us and be part of cutting-edge projects!  You'll coordinate research projects, ensuring seamless execution and providing insights to our clients."
85361444,Data Centre Operator (Fresh Graduates are welcome),Eternity Consultants (HK) Ltd,2025-07-02T03:29:18Z,"Kwun Tong, Kwun Tong District",,"3-4 working days per week, Year End Bonus, Medical Insurance, Dental Insurance, 15 days annual leave etc"
84752506,International Services Executive (Carrier Business),Hutchison Telecommunications,2025-06-06T09:30:42Z,"Tsing Yi, Kwai Tsing District",,"Being a well customer servicing, liaise of related documents, detail-minded and energetic.  Nice to good communication & presentation skill. "
85025848,"Business Consultant, Full-Time/Intern",AIA,2025-06-19T02:44:06Z,"Causeway Bay, Wan Chai District","$30,000 – $45,000 per month","If you believe in inspiring a better future, we'd love to hear from you."
85388724,Operations Process Associate,Hongkong International Terminals Limited,2025-07-03T00:29:05Z,"Kwai Chung, Kwai Tsing District",,"Work closely with users in the Company to collect user requirements, assist to recommend solutions on terminal operating system improvements projects"
84723104,Operations Analyst,bpost Hong Kong Limited,2025-06-06T09:56:12Z,Kwai Tsing District,,"analytical reports, support Operations and Sales team, review logistics performance and prepare analytical reports"
84693143,Senior Betting Systems Implementation Officer (UAT Tester),Smarthire by SEEK,2025-07-02T07:58:58Z,"Fo Tan, Sha Tin District",,"Our client ""The Hong Kong Jockey Club"" is seeking a Senior Betting Systems Implementation Officer to join their team!"
85225276,Finance SAP Solution Architect Manager,Swire Coca-Cola,2025-06-27T06:24:09Z,Eastern District,,Swire Coca-Cola is looking for an experienced and driven candidate to take up the Finance Solution Architect Manager role.
84894252,"Intern, Business Intelligence",Asia Football Marketing Limited,2025-06-13T03:53:55Z,"Quarry Bay, Eastern District",,We are looking for a passionate intern with career aspirations of working in a sports or entertainment sales and marketing environment.
85068624,Senior Finance and Trading Analyst,Golday Financial Group Limited,2025-06-20T10:01:30Z,"Tsim Sha Tsui, Yau Tsim Mong District",,-
84749345,Actuarial Manager,Sun Life,2025-06-06T07:14:33Z,"Hung Hom, Kowloon City District",,We are looking for a proactive candidate to join our team.
84926310,AI系统研究员/实习生,,2025-06-15T07:43:13Z,"Science Park, Tai Po District",,招商局先进技术研究院有限公司是招商局集团打造的前瞻性、开放式、战略性科技创新研发平台，由招商创科进行统筹管理。先进院聚焦绿色科技、生命科技和数智科技三大领域的重大前沿技术，具备前沿科技跟踪、关键技术研发、创新成果转化以及技术人才合作等四大功能。力争建设成为特色鲜明、具有区域影响力的企业中央研究院。
84844270,System Analyst (Database),DXC Technology,2025-06-11T07:57:07Z,"Tai Koo, Eastern District",,"System Analyst (Database)
"
84676944,"Associate, Data Analytics",Hong Kong Exchanges and Clearing,2025-06-04T01:29:00Z,Hong Kong SAR,,HKEX is committed as an Equal Opportunity Employer.
84973044,"Assistant Manager / Senior Officer, Data Analytics",Hays Recruitment,2025-06-17T05:27:20Z,Central and Western District,,Our insurer client is seeking for a data talent to join their team. 
85226004,Deputy/ Credit Risk Manager (Portfolio Management),Bank of China (Hong Kong),2025-06-27T06:37:11Z,Hong Kong SAR,,Bank of China (Hong Kong) is committed to building a challenging and rewarding work place for employees.
84783570,"Tencent Cloud Solution Architect Intern (Intern in Shenzhen, HK Return Offer)",Tencent,2025-06-09T07:53:21Z,"Tsim Sha Tsui, Yau Tsim Mong District",,Take the Next Step in Your Career With Tencent!
84984284,Data Specialist,PCCW Solutions,2025-06-17T10:36:56Z,"Causeway Bay, Wan Chai District",,"For analyzing business processes, identifying areas for improvement, and developing strategies to enhance efficiency and productivity. "
85264416,"Assistant / Deputy Manager, Sales Management, Global Sales Department",Orient Overseas Container Line,2025-06-30T07:04:49Z,"Wan Chai, Wan Chai District",,"Coordinate and implement the Company’s corporate strategies, especially on customer portfolio and sales areas."
84799690,Wealth Management Trainee & Intern 暑期實習/財富顧問/財富策劃顧問/財富管理培訓生/實習生/Internship/...,AIA,2025-06-10T01:49:14Z,"Causeway Bay, Wan Chai District","$20,000 – $30,000 per month","
Full time Job Description: 

 - Assess clients’ financial situations by conducting financial needs analysis
 - Analyse and provide total..."
84808141,Marketing Specialist,,2025-06-10T05:34:40Z,"Tai Kok Tsui, Yau Tsim Mong District",,"Join our team as a Marketing Assistant to support campaigns, influencer collaborations, and social media management."
84802289,Junior Financial Consultant(Welcome Fresh-Grad/IANG),Manulife,2025-06-10T02:53:18Z,"Kwun Tong, Kwun Tong District",,"Requirements:
Recent Graduate and IANG also considered.  
Interested in wealth management and financial planning.

we...."
85104915,"Business Consultant, Full Time/Intern",AIA,2025-06-23T08:23:49Z,"Causeway Bay, Wan Chai District","$30,000 – $45,000 per month","If you believe in inspiring a better future, we'd love to hear from you."
85194062,"Senior Associate, Data/Business Analyst, Customer Proposition Analytics",DBS Bank,2025-06-26T06:20:22Z,Central and Western District,,At least 2 years of experience in dashboard development and/or data engineering.
85102801,"Database Administrator (40K-55K, Bonus, Sizable Company)",Headsearch21,2025-06-23T07:14:47Z,Hong Kong SAR,"$40,000 – $55,000 per month","Supervise all kinds of system and database administration 
Exp in MS SQL, mySQL, DB2, Server database administration
5 days work, sizable company "
84979332,Digital Marketing Executive | Agency BG Welcome,Vita Green,2025-06-17T07:18:41Z,"Tsim Sha Tsui, Yau Tsim Mong District",,"You'll be enhancing our capability of digital performance in all digital marketing channels, and social media platforms."
84889965,Intern (Sales),OSIM,2025-06-13T02:15:37Z,Kowloon,,"At OSIM, we are not just a retailer; we are a family dedicated to achieving success together. "
85223383,Fintech Business & Data Analyst - Top Financial Firm,SP Consulting,2025-06-27T05:19:51Z,Central and Western District,,Minimum 2 years’ experience as Business Analyst
84889206,Intern (Sales),OSIM,2025-06-13T01:54:25Z,Kowloon,,"At OSIM, we are not just a retailer; we are a family dedicated to achieving success together. "
85203650,Private Assets Business Analyst,JNL Consulting Limited,2025-06-26T10:03:56Z,Hong Kong Island,,"This role will focus on the migration of their Private Assets reporting platform, with a critical emphasis on data integrity and end-user reporting."
85362132,Data Engineer - Large Financial Institution,Robert Walters,2025-07-02T03:42:34Z,Central and Western District,$40k - $70k p.a.,Seeking a hands-on data engineer with strong background in building data solutions & data analytics platform
85359222,Assistant Manager - Data Centre & Network Implementation,China Mobile Hong Kong,2025-07-02T02:35:53Z,"Kwai Hing, Kwai Tsing District",,Data Centre & Network Implementation
84982790,Technical Analyst (Cloud Native Development),Orient Overseas Container Line,2025-06-17T09:29:13Z,"Science Park, Tai Po District",,Develop web applications using Java / Spring Boot
85083339,Strategist / Data Analyst (Contract 6 months),JLL,2025-06-22T09:23:58Z,"Quarry Bay, Eastern District",,full-time
85369029,Digital Portfolio Manager,Swire Coca-Cola,2025-07-02T06:36:23Z,"Quarry Bay, Eastern District",,Drive tangible impact through optimized resource utilization and value realization; and implement governance frameworks that ensure long-term success.
85028451,"Contract System Analyst (Credit Products , Bank)",Global Talent Services Limited,2025-06-19T03:46:46Z,"Quarry Bay, Eastern District","$40,000 – $50,000 per month","Mainframe platform utilizing COBOL, JCL, CICS, VSAM; Loans/Credit business and related operation process; CardLink System."
84652692,"Associate Specialist, Sales System Development",Hong Kong Disneyland Resort,2025-06-03T03:49:31Z,"Lantau Island, Islands District",,"The Asso. Specialist, Sales System Development will be supporting the Sales & DM organization in terms of systems and technology tools."
84708195,Analyst / Senior Analyst - Information Technology Risk Advisory,Baker Tilly,2025-06-05T01:27:14Z,"Quarry Bay, Eastern District",,Analyst / Senior Analyst - Information Technology Risk Advisory 
85158347,*Client Reference Data Specialist,PFCC Group Limited,2025-06-25T04:00:05Z,Hong Kong Island,,strong Excel skills
84947472,"Financial Consultant, Full Time/Intern",AIA,2025-06-16T07:27:07Z,"Causeway Bay, Wan Chai District","$30,000 – $45,000 per month","If you believe in inspiring a better future, we'd love to hear from you."
84933774,Financial Analyst,Ev Cargo,2025-06-16T01:28:17Z,Hong Kong SAR,,"Key Responsibilities
Consolidate and analyze financial data (budgets, income statement forecasts etc) taking into account company’s goals and..."
85310914,Senior Betting Systems Implementation Officer (UAT Tester),Smarthire by SEEK,2025-07-01T14:42:37Z,"Fo Tan, Sha Tin District",,"Our client ""The Hong Kong Jockey Club"" is seeking a Senior Betting Systems Implementation Officer to join their team!"
84748745,"Data Analytics, Senior Officer / AM - FS",Omni Group Asia Limited,2025-06-06T06:57:19Z,Hong Kong Island,"$33,000 – $48,000 per month",Our client is one of the most customer centric yet innovative insurer in HK. They are looking for an experienced Data Analyst to join their team
84750745,LLM Engineer – Smart Manufacturing (Full-Time),,2025-06-06T08:00:12Z,"Science Park, Tai Po District",,LLM Engineer will spearhead the development and integration of LLM within Laservall’s product line.
85182492,Data Solution Architect,Hutchison Telecommunications,2025-06-26T01:42:16Z,"Tsing Yi, Kwai Tsing District",,It is a key managerial role to drive business goal with the expertise of data architecture.
84281661,Manpower Planning Analyst (Data Analysis),Cathay Pacific Catering Services,2025-06-09T08:38:29Z,"Airport Area, Islands District",,-
85121472,Securities Trade Data Modeling Business Analyst - Leading Investment Bank,Pinpoint Asia Limited,2025-06-24T02:06:17Z,"Admiralty, Central and Western District","$50,000 – $75,000 per month","If you pride yourself on bridging the gap between technical IT teams and business stakeholders, this role is made for you."
84803823,"Senior Officer, Personal Loan (Product Development)",Smarthire by SEEK,2025-07-02T07:58:48Z,"Wan Chai, Wan Chai District",,Our client PrimeCredit Ltd is seeking a Product Officer to join their team!
85295928,Business Analyst (B2B Sales market),Pathsight Limited,2025-07-01T03:58:16Z,New Territories,,Analyze sales productivity and product/customer profitability
85022889,Wealth Management Trainee & Intern 暑期實習/財富顧問/財富策劃顧問/財富管理培訓生/實習生/Internship/...,AIA,2025-06-19T01:16:45Z,"Causeway Bay, Wan Chai District","$20,000 – $30,000 per month","
Full time Job Description: 

 - Assess clients’ financial situations by conducting financial needs analysis
 - Analyse and provide total..."
85055897,Mobile App Executive (UM20250501),DB Media,2025-06-20T04:06:41Z,"Tsim Sha Tsui, Yau Tsim Mong District",," Lead the strategy, growth, and performance of mobile trading application."
85229133,AI Intern,Adsale Exhibition Services Ltd,2025-06-27T08:35:27Z,"North Point, Eastern District",,Contribute ideas for improving the workflows and project results by  applying AI solutions
85252499,Financial Consultant (Full time /Intern),AXA,2025-06-30T01:51:54Z,"Tsim Sha Tsui, Yau Tsim Mong District","$20,000 – $30,000 per month","Grow your financial planning career with comprehensive training, mentorship and excellent benefits at AXA."
84898152,"Postdoctoral Researcher, Deep Learning & Structural Bioinformatics",Hong Kong Productivity Council,2025-06-13T05:38:27Z,"Kowloon Tong, Kowloon City District",,Lead the design and optimization of advanced deep learning models 
